storeLocType,numStores,avgPop5mi,avgComp5mi,avgAge,avgTrxPre4_5,avgTrxPost4_5,avgTotalTrx
Metropolitan - Strip Mall,18,245500.0,22.555555555555557,29.72222222222222,163674.69444444447,459850.5,623525.1944444445
Urban - Strip Mall,58,164206.89655172414,24.82758620689655,20.43103448275862,150983.53103448276,427254.0,578237.5310344828
Urban - Standalone,90,160077.77777777778,22.944444444444443,19.9,147961.01000000004,417595.05555555556,565556.0655555556
Suburban - Standalone,139,153496.40287769784,20.654676258992804,21.992805755395683,148776.94460431655,423156.6762589928,571933.6208633094
Suburban - Strip Mall,104,147009.61538461538,22.28846153846154,20.807692307692307,146884.02884615387,415798.45192307694,562682.4807692308
Rural - Standalone,34,134294.11764705883,20.58823529411765,21.470588235294116,144710.40882352943,409527.0294117647,554237.4382352941
Rural - Strip Mall,24,131250.0,16.583333333333332,24.125,150372.99583333338,426371.1666666667,576744.1625000001
Metropolitan - Standalone,16,127125.0,37.5,25.875,135171.6,387578.25,522749.85
